<?xml version="1.0"?>
<data grt_format="2.0">
  <value _ptr_="0000029FDC6D8C00" type="list" content-type="object" content-struct-name="db.mgmt.Connection">
    <value type="object" struct-name="db.mgmt.Connection" id="{0C656DBC-F66F-4E96-B536-0CBA105B33EF}" struct-checksum="0x96ba47d8">
      <link type="object" struct-name="db.mgmt.Driver" key="driver">com.mysql.rdbms.mysql.driver.native</link>
      <value type="string" key="hostIdentifier">Mysql@localhost:3306</value>
      <value type="int" key="isDefault">1</value>
      <value _ptr_="0000029FDD9216E0" type="dict" key="modules"/>
      <value _ptr_="0000029FDD9222E0" type="dict" key="parameterValues">
        <value type="string" key="DbSqlEditor:LastDefaultSchema">lovepage</value>
        <value type="string" key="SQL_MODE"></value>
        <value type="string" key="hostName">localhost</value>
        <value type="int" key="lastConnected">1759940188</value>
        <value type="string" key="password"></value>
        <value type="int" key="port">3306</value>
        <value type="string" key="schema"></value>
        <value type="string" key="serverVersion">8.0.43</value>
        <value type="string" key="sslCA"></value>
        <value type="string" key="sslCert"></value>
        <value type="string" key="sslCipher"></value>
        <value type="string" key="sslKey"></value>
        <value type="int" key="useSSL">1</value>
        <value type="string" key="userName">root</value>
      </value>
      <value type="string" key="name">Local instance MySQL80</value>
      <link type="object" struct-name="GrtObject" key="owner">{CA543595-C96F-4FC4-8FFF-BCEEB828582F}</link>
    </value>
  </value>
</data>
