<?xml version="1.0"?>
<data grt_format="2.0">
  <value _ptr_="0000029FDC6D95A0" type="list" content-type="object" content-struct-name="db.mgmt.ServerInstance">
    <value type="object" struct-name="db.mgmt.ServerInstance" id="{E82513BE-6F56-4CC2-8847-9D82E60D5676}" struct-checksum="0x367436e2">
      <link type="object" struct-name="db.mgmt.Connection" key="connection">{0C656DBC-F66F-4E96-B536-0CBA105B33EF}</link>
      <value _ptr_="0000029FDD944A50" type="dict" key="loginInfo">
        <value type="string" key="wmi.hostName"></value>
        <value type="string" key="wmi.userName"></value>
      </value>
      <value _ptr_="0000029FDD9447B0" type="dict" key="serverInfo">
        <value type="int" key="setupPending">0</value>
        <value type="string" key="sys.config.path">C:\ProgramData\MySQL\MySQL Server 8.0\my.ini</value>
        <value type="int" key="sys.config.path.lock">1</value>
        <value type="string" key="sys.config.section">mysqld</value>
        <value type="string" key="sys.mysqld.service_name">MySQL80</value>
        <value type="string" key="sys.preset">Custom</value>
        <value type="string" key="sys.sudo"></value>
        <value type="string" key="sys.system">Windows</value>
        <value type="int" key="sys.usesudo">0</value>
        <value type="int" key="sys.usesudostatus">0</value>
        <value type="int" key="windowsAdmin">1</value>
      </value>
      <value type="string" key="name">Local MySQL80</value>
    </value>
  </value>
</data>
